first_name,age
Berget,42
Phylis,23
Dorey,7
Buckie,55
Buiron,70
Shaun,69
Marielle,11
Stafani,87
Meara,19
Cozmo,34
Andreas,7
Kile,18
Kristal,30
Adelind,37
Marris,6
Vitoria,52
Heida,11
Dion,11
Rabi,13
Eamon,53
Rici,17
Berta,23
Henderson,44
Raquel,13
Ulrick,39
Rhianna,66
Doro,28
Drucie,68
Gherardo,13
Torie,56
Karie,26
Samuele,29
Jayson,9
Odele,79
Thain,24
Cary,92
Charil,6
Bobbette,49
Jesselyn,29
Corie,31
Fons,49
Gawain,92
Valera,42
Rosmunda,46
Tierney,82
Amabelle,20
Tasha,2
Alvina,13
Melonie,62
Ely,66
Angelia,39
Nanete,53
Bernelle,12
Kira,89
Urson,78
Faydra,96
Yalonda,69
Inness,61
Eveline,82
Dorita,100
Viviene,18
Mireille,52
Agnesse,97
Elnar,73
Buddy,24
Marena,75
Kincaid,21
Lewie,66
Whitaker,86
Jerrine,24
Quentin,24
Tymothy,85
Cosme,99
Rhett,23
Silas,62
Irwin,79
Dela,34
Tulley,16
Ross,82
Ike,39
Alphonso,61
Bertie,44
Kelcy,72
Adolph,45
Heath,41
Henderson,3
Rhoda,4
Sherill,71
Delphinia,36
Amble,87
Shanie,99
Waldo,33
Killian,54
Nance,2
Dario,73
Orsa,6
Marillin,10
Audy,83
Stanly,7
Odille,67
Auguste,1
Min,84
Jillane,93
Becka,4
Car,93
Barclay,5
Aprilette,71
Demetris,99
Sherlocke,26
Dede,71
Aloisia,61
Elbert,74
Georgianna,91
Priscella,27
Martguerita,40
Lauren,15
Deni,71
Oswald,61
Holli,28
Ashly,99
Amber,91
Arnie,83
Minnaminnie,8
Perri,55
Emlynne,68
Ivan,49
Stefa,95
Edna,98
Modestia,80
Gard,13
Xavier,19
Grier,6
Agna,51
Gabbey,33
Maria,61
Lanny,71
Amble,22
Billie,63
Harold,85
Hugh,66
Arlyne,56
Elnar,100
Claude,46
Ekaterina,31
Javier,19
Augustin,55
Farley,28
Perry,13
Kimberli,74
Thurston,7
Erinn,96
Elissa,90
Mar,50
Norbert,77
Garwood,87
Winona,47
Riva,21
Thoma,91
Abbey,58
Letta,91
Lemuel,88
Nikolaus,23
Elnora,27
Brockie,70
Selby,76
Sherwin,36
Farand,5
Celene,39
Milena,13
Freda,19
Hattie,83
Frankie,19
Dag,37
Lek,65
Peterus,33
Jacques,4
Joane,75
Domenico,61
Joshuah,8
Fayre,25
Frayda,95
Xaviera,46
Zachery,39
Damaris,70
Allard,26
Justina,34
Jessalyn,52
Pier,15
Leanor,63
Tedie,73
Blisse,30
Rosaline,53
Myca,7
Bartholomew,26
Lynnell,78
Kalil,4
Jarrad,92
Bellanca,79
Eugine,86
Billie,64
Octavius,94
Levin,54
Leola,85
Ron,37
Cleve,21
Alverta,94
Rosemary,82
Fayette,77
Darrell,80
Shep,17
Bronnie,1
Les,11
Bette,9
Christie,65
Lynna,80
Annalee,8
Marti,8
Hildagard,14
Kalvin,15
Augustine,93
Nadia,64
Krispin,22
Ned,28
Sherye,55
Sherwood,37
Marge,24
Micky,72
Marcelo,25
Ginny,8
Ephraim,18
Franciska,18
Clementina,56
Kendra,14
Clayborn,52
Jacki,70
Jasen,23
Josh,27
Sylvia,98
Gayler,42
Hermon,64
Rhonda,89
Shaun,6
Dacy,5
Tatiana,64
Albie,39
Ruthy,37
Ariela,14
Ingamar,5
Coral,26
Tate,61
Dennet,58
Ania,60
Fedora,37
Faith,80
Eben,13
Giustina,16
Aryn,91
Catriona,39
Cleavland,95
Jaquenette,84
Anna-maria,97
Frazer,43
Cindy,18
Carena,38
Jilleen,37
Micky,52
Hobie,63
Melody,20
Zuzana,87
Kristina,53
Pasquale,51
Adrienne,65
Berni,32
Grazia,83
Ellissa,19
Jolene,76
Ezra,95
Halette,77
Homer,72
Adolphus,98
Vaughan,59
Taddeusz,87
Barry,5
Filippo,36
Prue,18
Ferdinanda,11
Teresita,62
Lari,94
Marylin,88
Hank,92
Olga,32
Analiese,77
Filip,66
Katha,40
Dominik,59
Brodie,44
Noami,16
Aila,94
Tobi,80
Say,86
Iorgos,15
Cull,74
Maridel,34
Johannes,74
Helen-elizabeth,97
Donna,86
Tremayne,45
Keefer,43
Teressa,70
Callean,83
Gran,9
Thomasine,73
Jeffry,13
Thibaut,82
Vivian,33
Goldi,85
Alisha,48
Neala,55
Vitoria,30
Sybyl,88
Merridie,26
Annabela,53
Phaedra,19
Ric,42
Rikki,64
Trev,71
Bliss,42
Ive,72
Goldina,87
Dermot,54
Carlina,46
Kesley,71
Charlie,35
Arleta,19
Abey,28
Rora,83
Mitzi,44
Nerte,66
Carry,79
Wheeler,16
Faythe,61
Elsinore,53
Alvin,58
Peria,50
Malvina,43
Anastassia,30
Gayel,96
Camille,58
Benn,33
Tobias,61
Livvy,48
Lucky,49
Kat,31
Sal,10
Welsh,15
Dew,46
Kathlin,67
Nan,6
Lindy,34
Evie,9
Ellen,73
Barde,11
Hatty,7
Beret,96
Coop,87
Antonietta,92
Dottie,81
Vivien,45
Bud,85
Vyky,16
Guglielma,26
Oby,1
Gretal,41
Leo,43
Dorthy,8
Jerrie,31
Celestine,18
Saundra,8
Fidelity,53
Toddie,30
Miguelita,66
Rea,70
Trever,16
Jarret,34
Zaneta,23
Kora,23
Nana,87
Buddie,49
Dewitt,92
Geneva,34
Nicolai,30
Meredeth,62
Hyacinthie,4
Caprice,33
Brandyn,26
Osgood,63
Jenica,5
Fairleigh,30
Kirby,17
Addie,69
Starla,9
Gianna,43
Phaidra,2
Rourke,100
Fairlie,44
Horatio,39
Charlie,41
Casper,35
Roy,32
Sianna,36
Pamelina,81
Jason,23
Benyamin,83
Hanan,31
Mallissa,69
Tallie,80
Doretta,52
Josiah,32
Gunar,5
Merlina,41
Demott,30
Steven,4
Leland,16
Adrian,25
Mame,96
Marillin,80
Erasmus,72
Zach,58
Ida,48
Claudianus,23
Erv,34
Ethelda,15
Jacobo,61
Jacky,23
Manya,55
Ina,2
Rebekah,57
Rafaelia,77
Winny,80
Isaak,93
Leroi,30
Ali,67
Derk,45
Raviv,1
Desiri,93
Darill,34
Mick,44
Brendis,65
Erminia,51
Karrie,7
Beitris,86
Whitman,100
Sheelah,64
Pauly,92
Orly,46
Jayme,86
Gabriel,60
Kyle,6
Chrisy,73
Robina,7
Tymon,100
Anselma,59
Elwira,82
Dee,67
Ernst,45
Erastus,84
Iver,77
Georgianna,72
Atlante,91
Meagan,19
Linea,47
Franklyn,78
Clarance,26
Milt,37
Clayton,21
Sherrie,82
Milly,52
Gregoire,84
Anica,10
Bobbie,99
Naomi,6
Enrichetta,56
Hector,25
Idette,80
Howard,78
Valentijn,73
Abbe,91
Derward,21
Marchall,98
Delia,60
Weidar,26
Stu,37
Jamal,42
Livia,24
Leroi,4
Ash,14
Jaime,60
Harald,95
Heinrick,13
Bartram,27
Mela,72
Hagan,99
Cobbie,13
Sarena,34
Fransisco,59
Angus,25
Melinde,36
Glendon,41
Isaac,61
Nathan,11
Mendel,79
Tamar,24
Stan,35
Derward,48
Jarib,63
Morty,64
Martino,47
Magdalena,92
Dory,22
Humfried,29
Drake,37
Abramo,11
Laural,89
Taite,65
Garret,82
Rivi,38
Brewster,79
Nealson,31
Moore,43
Nelia,92
Hodge,75
Lissie,26
Benoite,6
Rivi,81
Erv,58
Golda,59
Lamond,36
Crista,16
Skye,12
Renelle,19
Merrill,42
Innis,57
Cesar,73
Maribelle,90
Julian,94
Tiphany,71
Mufi,28
Gian,94
Evania,5
Hester,29
Olivero,3
Cecile,98
Lulita,62
Josy,23
Galvan,5
Lavena,76
Gillie,35
Magnum,69
Lotty,65
Tate,77
Alwin,58
Earlie,27
Wendall,88
Stefan,1
Caryl,57
Timmi,49
Kiele,53
Zonnya,88
Teddie,91
Beryl,51
Michale,31
Casey,49
Halimeda,91
Ondrea,82
Stepha,27
Annetta,45
Mark,72
Lilah,45
Bernarr,85
Milly,25
Fran,93
Evelyn,19
Moshe,49
Fernando,44
Kristal,73
Juieta,69
Trixi,79
Mervin,64
Mala,66
Blaine,63
Curcio,12
Erich,72
Astrid,23
Adaline,81
Tammie,76
Carl,26
Steffie,50
Kippie,100
Niall,72
Coretta,34
Nickola,72
Cinnamon,4
Wolfy,42
Marco,90
Rickard,53
Anallise,17
Emeline,29
Alidia,40
Isidor,87
Gusti,4
Jesselyn,2
Kaitlin,73
Patricia,33
Ian,30
Suzy,65
Cleve,65
Kimmi,21
Kippie,58
Jenni,95
Tommi,47
Haskell,46
Tami,23
Brig,41
Lettie,71
Gawain,70
Eldridge,28
Jandy,82
Giffard,97
Welsh,91
Chandal,17
Meade,75
Ernestus,14
Danna,99
Svend,84
Warner,67
Artemus,49
Nina,11
Ronda,25
Kip,20
Sandy,28
Tove,67
Marlo,19
Gerome,33
Carola,62
Bud,100
Hilary,45
Anthiathia,82
Abe,93
Gustave,63
Gage,21
Hale,79
Ines,90
Benny,12
Richy,86
Bernadene,84
Ashley,88
Malvina,7
Rachel,83
Ceciley,86
Edith,19
Tammara,37
Morgan,72
Nicoline,95
Maren,79
Wernher,43
Benita,13
Corella,46
Madelaine,81
Jaymee,70
Bald,11
Sascha,14
Rriocard,52
Merell,73
Jemima,68
Thibaut,14
Lorilee,87
Jeanine,32
Keenan,45
Chelsy,2
Isaac,95
Freemon,45
Letta,56
Lanita,85
Alexandre,6
Trish,80
Ermin,75
Jack,68
Orton,36
Pamelina,81
Correy,7
Pearline,45
Jordanna,68
Zarla,64
Venus,10
Jermaine,82
Micheal,67
Tasia,15
Bird,56
Stanton,39
Paxon,74
Melonie,82
Gus,10
Hank,92
Edita,61
Uta,19
Ruggiero,70
Arnie,45
Roberta,17
Hill,100
Wenona,44
Napoleon,28
Dorena,11
Royal,61
Charisse,98
Milly,58
Bourke,48
Kimberlyn,66
Tomasina,83
Abey,17
Wes,37
Lynde,94
Oran,47
Dene,80
Tyrone,81
Jeniece,8
Aurore,36
Ferrell,67
Kennett,95
Yuri,34
Violet,100
Griselda,16
Walden,49
Benedict,42
Bertrand,33
Joel,34
Bertie,8
Beilul,42
Kristoforo,98
Valentin,35
Dniren,78
Valry,6
Gordan,72
Alex,66
Adeline,82
Doug,37
Jane,4
Arlinda,12
Winn,16
Laurent,80
Salomo,22
Roshelle,61
Saba,62
Leese,40
Chelsy,36
Alexandra,68
Bethina,87
Karim,67
Chery,60
Melitta,13
Julius,6
Cariotta,39
Alphonse,30
Rycca,52
Josefina,82
Jaquelin,65
Amabel,100
Sheila-kathryn,37
Roslyn,29
Cyndia,13
Rayshell,60
Pattie,32
Eartha,95
Daniel,70
Bernardina,60
Ivett,3
Ninon,66
Allissa,77
Genny,4
Ardella,2
Skip,24
Linnie,48
Earvin,11
Dietrich,90
Creigh,87
Andie,53
Elsey,16
Johannes,8
Darrin,58
Gratiana,35
Keefe,78
Lynnea,57
Lazar,47
Vikki,58
Goddart,82
Davidde,47
Ulrikaumeko,64
Elisabeth,40
Barbra,52
Ulrich,68
Arabella,13
Natividad,51
Spencer,63
Koo,51
Delphinia,47
Joyce,49
Alexine,85
Adelle,98
Georgetta,74
Katleen,21
Silvana,16
Irwin,84
Igor,28
Dot,7
Rabbi,99
Leanora,91
Paloma,45
Chalmers,44
Cassondra,5
Annabella,82
Izaak,74
Germain,20
Jessalyn,66
Denni,89
Gearard,19
Fernande,7
Ralf,74
Lynn,57
Hy,2
Alvera,70
Karlan,95
Walliw,86
Marco,54
Husein,25
Olwen,88
Katy,71
Paulina,91
Jeddy,7
Madlin,48
Tiebout,39
Mikey,78
Baron,5
Leia,54
Nickolas,92
Hazel,53
Ginnie,64
Tania,62
Lurleen,58
Ward,32
Neils,22
Xerxes,35
Querida,4
Lurleen,82
Meade,82
Stephen,39
Margalo,19
Cristina,65
Patrizio,72
Latia,62
Terry,94
Randi,81
Mikol,41
Cathryn,81
Quincey,75
Daphene,5
Estel,87
Ethelred,80
Cate,26
Skylar,40
Rhett,75
Rutherford,18
Cassy,74
Halli,83
Immanuel,23
Happy,28
Faber,40
Giraldo,54
Libbi,59
Marybelle,41
Octavius,29
Joletta,75
Page,68
Emelina,59
Lisetta,84
Ulises,74
Clea,77
Morie,99
Lisetta,6
Gregory,80
Blythe,99
Shayna,39
Jaquelin,98
Juliann,84
Kahaleel,61
Devlin,57
Brynne,49
Israel,90
Archy,39
Obadiah,33
Emile,5
Chas,100
Boothe,47
Karna,80
Polly,56
Pren,74
Evelina,54
Emmott,21
Doreen,17
Paco,58
Shandie,93
Maisie,37
Cheslie,78
Ellie,77
Klement,52
Louella,79
Hoebart,58
Janifer,77
Winni,2
Cyndia,22
Bartholomeus,26
Abbey,1
Gretta,84
Korey,10
Calhoun,97
Leda,78
Teddie,44
Leda,35
Bartram,96
Mar,53
Joellyn,91
Celina,54
Griffy,65
Fabe,22
Maury,22
Ashton,66
Kyle,32
Ninette,38
Marcella,97
Esme,94
Ardelia,29
Nanice,53
Stan,54
Nadeen,4
Tamqrah,19
Golda,52
Celestia,53
Ermentrude,70
Bertie,21
Coreen,30
Ameline,33
Ellette,19
Gary,7
Glad,18
Lorne,90
Ronna,40
Rey,85
Dael,55
Matelda,12
Lezley,77
Angelique,82
Bax,2
Niki,93
Harmonie,94
Arney,24
Farlee,83
Lannie,7
Dianna,93
Dasi,95
Gabriellia,6
Sergent,45
Tammy,66
Concordia,38
Cheslie,8
Angela,64
Brittani,46
Sibbie,95
Danita,36
Leonanie,97
Lois,98
Cullie,60
Florentia,11
Astra,50
Blakelee,67
Warden,15
Fletcher,80
Nora,37
Tedmund,58
Rick,33
Bradly,29
Gael,55
Edwin,94
Carlie,81
Emlen,2
Kaitlynn,33
Jonis,54
Gabey,45
Ced,39
Maiga,82
Peyton,2
Carlyle,66
Abelard,68
